experiment_id,name,description
d655666f-725d-4312-96b4-df25045dd08e,Endurance,Improve how long aerobic physical activities can be sustained.
33c1bd33-b41a-4773-a001-873307be57e9,Strength,Improve the maximum strength in different ranges.
85d2741f-7964-49d4-bc1d-62f0a50d8a59,Sleep Quality,Examine the impact of different conditions on the duration and quality of sleep.
14fb6430-c228-407c-ba66-a35588b98276,Focus,Affect the ability to concentrate and maintain attention on tasks.
2a8e0839-ed8f-4409-8aab-c4abf7cb1185,Memory,Evaluate techniques to improve short-term and long-term memory retention.
ce7f2178-4f42-4511-ab41-06b8cf717f7c,Recovery,"Investigate recovery speeds after exertion, focusing on both physical and mental fatigue."
